,id,dish_id,rating
0,0,2551,1
1,0,10016,2
2,0,3796,2
3,0,6666,4
4,0,10770,2
5,0,680,4
6,0,93,3
7,0,3102,3
8,0,10526,3
9,0,8771,3
10,0,10513,1
11,0,8224,1
12,0,43,2
13,0,5349,4
14,0,5161,4
15,0,6527,1
16,0,8745,4
17,0,8668,3
18,0,6970,2
19,0,8495,4
20,0,7071,4
21,0,9996,2
22,0,6901,2
23,0,7058,3
24,0,6629,1
25,0,5329,1
26,0,3555,3
27,0,3294,4
28,0,10169,3
29,0,7028,3
30,0,8161,2
31,0,4849,1
32,0,7855,3
33,0,180,3
34,0,1750,4
35,0,7915,2
36,0,626,3
37,1,10818,2
38,1,4277,2
39,1,10756,3
40,1,6869,3
41,1,7215,2
42,1,6679,1
43,1,8940,1
44,1,3506,3
45,1,7323,2
46,1,7211,1
47,1,4835,1
48,1,7305,4
49,1,8472,4
50,1,4711,4
51,1,3119,4
52,1,6941,4
53,1,3921,4
54,1,7768,4
55,1,10683,3
56,1,3306,1
57,1,2679,2
58,1,2889,2
59,1,7932,2
60,1,9547,3
61,2,8038,3
62,2,5121,3
63,2,10145,3
64,2,754,4
65,2,8394,4
66,2,10660,3
67,2,8969,4
68,2,5245,3
69,2,8591,2
70,2,9684,4
71,2,4826,4
72,2,3130,3
73,2,10287,3
74,2,8350,2
75,2,9440,1
76,2,8221,1
77,2,8963,2
78,2,2960,1
79,2,2691,1
80,2,674,2
81,2,1150,1
82,2,897,4
83,2,4665,2
84,2,3143,4
85,2,2743,2
86,2,5440,3
87,2,6759,4
88,2,6650,3
89,2,8637,4
90,2,4368,3
91,2,226,4
92,2,8690,2
93,3,10877,3
94,3,9252,4
95,3,7526,2
96,3,2541,4
97,3,7797,4
98,3,10186,3
99,3,3372,2
100,3,10304,1
101,3,6490,3
102,3,6521,4
103,3,4882,1
104,3,2527,3
105,3,3978,4
106,3,7082,1
107,3,5275,3
108,3,4272,2
109,3,8660,2
110,3,8863,2
111,3,2931,4
112,3,10683,2
113,3,7998,2
114,3,3296,2
115,3,8672,4
116,3,7181,2
117,3,6444,3
118,3,3707,3
119,3,4035,2
120,3,4485,1
121,3,2752,3
122,3,10824,3
123,3,9423,1
124,3,3873,2
125,3,2826,1
126,3,5094,1
127,3,2915,3
128,3,10599,3
129,3,10427,4
130,3,8038,3
131,3,7751,2
132,3,5483,1
133,3,10020,2
134,3,5221,1
135,3,3187,4
136,3,9399,1
137,3,10789,4
138,3,8987,4
139,3,8099,1
140,4,368,3
141,4,5148,3
142,4,5373,4
143,4,7532,1
144,4,1841,1
145,4,8525,2
146,4,6428,1
147,4,7274,3
148,4,10046,2
149,4,300,1
150,4,8998,2
151,4,5161,3
152,4,10831,1
153,4,9694,1
154,4,8471,4
155,4,9849,3
156,4,302,2
157,4,3369,3
158,4,8627,3
159,4,5028,3
160,5,8994,1
161,5,7701,1
162,5,4675,2
163,5,2601,4
164,5,8035,2
165,5,8620,3
166,5,8863,4
167,5,7195,1
168,5,1684,3
169,5,9275,2
170,5,8073,4
171,5,6928,1
172,5,10206,2
173,5,6964,2
174,5,5465,3
175,5,8409,4
176,5,7028,2
177,5,7174,4
178,5,10445,2
179,5,9063,4
180,5,10876,3
181,5,4536,3
182,5,9716,4
183,5,10287,4
184,5,10672,2
185,5,575,1
186,5,4717,2
187,5,10745,2
188,5,9273,4
189,5,4068,3
190,5,10570,2
191,5,10763,2
192,6,4947,1
193,6,10770,3
194,6,5304,1
195,6,10836,4
196,6,10778,3
197,6,7427,3
198,6,6599,4
199,6,9970,1
200,6,1148,4
201,6,7497,2
202,6,9837,2
203,6,8771,4
204,6,5032,2
205,6,2935,1
206,6,7496,2
207,6,3540,4
208,6,8741,1
209,6,4803,1
210,6,9771,3
211,6,9872,2
212,6,4826,2
213,6,2118,2
214,6,3285,2
215,6,3122,3
216,6,5480,2
217,6,9471,3
218,6,7024,4
219,6,4656,2
220,7,3871,1
221,7,127,2
222,7,272,3
223,7,7184,3
224,7,10048,3
225,7,4826,4
226,7,8718,3
227,7,4682,4
228,7,7185,4
229,7,7137,2
230,7,3017,3
231,7,8821,2
232,7,10295,3
233,7,10763,4
234,7,4768,1
235,7,5346,4
236,7,9920,1
237,7,8661,3
238,7,8949,4
239,7,2734,4
240,7,2998,3
241,7,719,2
242,7,2845,2
243,7,1005,1
244,7,362,4
245,7,3286,2
246,7,3267,3
247,7,4241,4
248,7,7216,4
249,7,10205,4
250,7,8628,2
251,7,5288,4
252,7,6524,3
253,7,3557,1
254,7,108,1
255,7,3497,3
256,7,3216,2
257,7,3656,4
258,7,8771,2
259,7,7983,2
260,7,5187,2
261,7,10493,2
262,7,10458,4
263,7,5315,1
264,7,10116,1
265,7,4718,2
266,7,3584,1
267,7,9025,1
268,8,9205,3
269,8,5346,3
270,8,7894,1
271,8,9083,4
272,8,58,4
273,8,156,1
274,8,2768,3
275,8,2919,4
276,8,4369,3
277,8,4736,1
278,8,5190,3
279,8,5096,2
280,8,6571,1
281,8,8472,2
282,8,7688,4
283,8,4973,2
284,8,1149,2
285,8,5476,2
286,8,7907,3
287,8,4505,3
288,8,5265,3
289,8,10512,3
290,8,10367,4
291,8,4239,4
292,8,10257,1
293,8,9762,1
294,8,8692,1
295,8,4139,4
296,8,480,4
297,8,4777,1
298,8,6611,3
299,8,4306,4
300,8,10070,3
301,8,2697,2
302,8,7437,2
303,8,3101,2
304,8,2574,1
305,9,168,3
306,9,272,4
307,9,10317,4
308,9,9861,1
309,9,4355,1
310,9,7708,1
311,9,8298,1
312,9,2740,1
313,9,7359,2
314,9,7734,3
315,9,1578,2
316,9,409,3
317,9,7234,2
318,9,10048,3
319,9,8177,3
320,9,2570,4
321,9,8500,2
322,9,8809,2
323,9,6967,3
324,9,6865,2
325,9,3657,4
326,9,2717,4
327,9,6742,2
328,9,3817,4
329,9,4323,1
330,9,1522,3
331,9,8255,2
332,9,6574,4
333,9,8002,3
334,9,9010,2
335,9,9332,1
336,9,5025,3
337,9,7142,2
338,9,3441,1
339,9,147,3
340,9,4829,1
341,9,10684,1
342,9,3930,2
343,9,5252,1
344,9,8354,3
345,9,8816,3
346,9,7746,3
347,9,2830,2
348,9,1760,2
349,10,1236,2
350,10,753,2
351,10,10432,1
352,10,294,1
353,10,3051,4
354,10,6764,2
355,10,4263,1
356,10,2697,2
357,10,3566,2
358,10,10020,1
359,10,8527,3
360,10,8709,1
361,10,4398,4
362,10,6571,2
363,10,10748,2
364,10,3941,2
365,10,3671,3
366,10,3508,2
367,10,9452,3
368,10,9394,3
369,10,9205,4
370,10,4671,3
371,10,7781,1
372,10,9779,4
373,10,8718,4
374,10,3739,4
375,10,7061,4
376,10,4235,1
377,10,1275,1
378,10,3748,2
379,10,3099,4
380,10,7996,2
381,10,4428,2
382,10,10162,3
383,10,2959,2
384,10,5386,4
385,10,6463,4
386,10,3610,1
387,10,10741,4
388,10,3135,2
389,10,4323,4
390,10,7013,2
391,10,8412,3
392,10,1437,1
393,11,4844,1
394,11,5334,3
395,11,4550,3
396,11,9544,2
397,11,7627,4
398,11,1423,1
399,11,3295,1
400,11,3162,4
401,11,1249,1
402,11,992,2
403,11,339,2
404,11,4267,1
405,11,4312,1
406,11,3506,4
407,11,2759,4
408,11,7695,4
409,11,377,2
410,11,6773,2
411,11,8327,2
412,11,6582,1
413,11,10433,3
414,11,6840,2
415,11,7674,2
416,11,8981,1
417,11,6724,2
418,11,9110,1
419,11,9085,1
420,11,6923,4
421,11,6842,2
422,11,970,4
423,11,3578,3
424,11,6447,3
425,11,8867,1
426,12,9416,2
427,12,8073,3
428,12,5106,1
429,12,7609,1
430,12,87,2
431,12,9911,4
432,12,6722,4
433,12,8222,2
434,12,801,2
435,12,8668,4
436,12,8430,4
437,12,2631,4
438,12,1275,1
439,12,8240,4
440,12,661,3
441,12,8906,3
442,12,4373,2
443,12,2495,4
444,12,2668,4
445,12,8749,1
446,12,9196,2
447,12,9060,2
448,12,507,1
449,13,9474,4
450,13,8578,4
451,13,9100,1
452,13,1437,2
453,13,8213,4
454,13,1259,1
455,13,9754,3
456,13,9056,1
457,13,8516,4
458,13,10861,2
459,13,6751,4
460,13,2686,2
461,13,9405,4
462,13,9252,3
463,13,780,3
464,13,7595,4
465,13,7118,2
466,13,6924,3
467,13,10413,2
468,13,3061,4
469,13,1633,2
470,13,8116,3
471,13,8927,3
472,13,10552,3
473,13,8279,3
474,13,3977,4
475,14,1797,3
476,14,8998,4
477,14,4854,1
478,14,751,2
479,14,4464,4
480,14,8525,3
481,14,4667,4
482,14,71,2
483,14,9996,3
484,14,7247,3
485,14,5197,3
486,14,3010,4
487,14,10411,3
488,14,4880,1
489,14,7475,1
490,14,5474,4
491,14,10091,3
492,14,778,3
493,14,6627,2
494,14,5406,3
495,14,3534,1
496,14,10422,4
497,14,8445,2
498,14,8049,1
499,14,9063,2
500,14,8133,3
501,14,4918,2
502,14,4164,3
503,14,8651,3
504,14,1117,3
505,14,8754,3
506,14,2916,3
507,14,3122,3
508,14,7589,1
509,14,7226,3
510,14,5437,4
511,14,5338,1
512,14,1293,2
513,14,9225,1
514,14,3858,1
515,14,2325,2
516,14,9545,3
517,14,10130,2
518,14,4944,2
519,14,8306,3
520,15,3400,4
521,15,4917,4
522,15,5096,1
523,15,10284,4
524,15,3413,3
525,15,3534,1
526,15,2541,1
527,15,6700,2
528,15,7178,4
529,15,3028,4
530,15,7182,4
531,15,3033,1
532,15,6916,1
533,15,10659,2
534,15,59,2
535,15,8915,2
536,15,10382,3
537,15,611,3
538,15,7695,3
539,15,8290,4
540,15,4206,2
541,15,8088,4
542,15,314,1
543,15,4894,3
544,15,3548,3
545,15,507,4
546,15,156,3
547,15,7974,2
548,15,3328,4
549,15,352,2
550,15,115,1
551,15,8800,3
552,15,8035,2
553,15,42,1
554,15,5344,4
555,15,3229,1
556,15,649,2
557,15,4710,2
558,15,7159,3
559,15,6893,3
560,15,7109,3
561,16,3376,2
562,16,4934,4
563,16,8233,4
564,16,2778,2
565,16,8298,3
566,16,7030,2
567,16,8709,4
568,16,6949,3
569,16,6702,3
570,16,8837,4
571,16,4717,4
572,16,7001,4
573,16,4120,2
574,16,5400,4
575,16,9148,1
576,16,4077,1
577,16,10566,3
578,16,206,4
579,16,8811,2
580,16,2877,4
581,16,7360,1
582,16,4407,1
583,16,9960,3
584,16,3349,2
585,16,7975,1
586,16,8151,1
587,16,1048,2
588,16,2555,1
589,16,5319,2
590,16,7645,2
591,16,4505,4
592,16,3351,1
593,16,8575,4
594,16,1100,4
595,16,7629,3
596,16,3122,3
597,16,7279,4
598,16,9054,1
599,16,4352,3
600,16,9271,1
601,16,5326,4
602,16,9913,2
603,16,9224,4
604,16,3292,4
605,16,8563,1
606,17,3426,4
607,17,2137,3
608,17,9503,1
609,17,7910,1
610,17,4717,4
611,17,5288,2
612,17,10446,3
613,17,8425,2
614,17,4433,1
615,17,7275,1
616,17,10789,1
617,17,659,2
618,17,8407,4
619,17,10074,4
620,17,4417,3
621,17,4906,4
622,17,3838,1
623,17,10342,1
624,17,572,3
625,17,10559,4
626,17,7025,4
627,17,3358,1
628,17,7251,1
629,17,1533,3
630,17,2325,2
631,17,4337,1
632,17,5326,1
633,17,9193,4
634,18,4571,3
635,18,9750,3
636,18,9389,1
637,18,9435,4
638,18,1275,1
639,18,5213,3
640,18,3695,1
641,18,3871,4
642,18,4981,2
643,18,8566,2
644,18,1587,4
645,18,2111,4
646,18,10364,2
647,18,1141,1
648,18,9831,1
649,18,596,4
650,18,84,4
651,18,3858,4
652,18,4408,4
653,18,4915,2
654,18,7279,2
655,18,10849,2
656,18,1878,2
657,18,4788,1
658,18,6540,4
659,18,519,1
660,19,5028,1
661,19,6972,1
662,19,8770,4
663,19,7061,1
664,19,3099,1
665,19,9218,4
666,19,10912,1
667,19,240,4
668,19,502,2
669,19,3054,2
670,19,7102,3
671,19,10659,2
672,19,9779,2
673,19,1633,3
674,19,4801,2
675,19,9523,2
676,19,3091,1
677,19,3963,4
678,19,4089,1
679,19,9739,2
680,19,9694,4
681,19,3069,3
682,19,7570,4
683,19,8173,4
684,19,1629,4
685,19,8239,4
686,19,10861,4
687,19,6428,3
688,19,8339,3
689,19,9261,4
690,19,4861,3
691,19,6890,3
692,19,526,1
693,19,4796,1
694,19,10803,3
695,19,8984,2
696,19,7366,4
697,19,7442,1
698,19,8066,2
699,19,3130,4
700,19,481,1
701,19,8594,3
702,20,2112,3
703,20,4565,4
704,20,9234,1
705,20,6689,4
706,20,7168,2
707,20,1566,4
708,20,6657,1
709,20,8019,2
710,20,1696,2
711,20,10184,2
712,20,8667,1
713,20,670,4
714,20,10548,2
715,20,9191,3
716,20,6954,2
717,20,8430,3
718,20,5107,2
719,20,8132,1
720,20,10353,1
721,20,10374,1
722,20,3401,1
723,20,7087,2
724,20,9222,1
725,20,2835,2
726,21,220,2
727,21,9202,3
728,21,8990,2
729,21,7509,1
730,21,6759,3
731,21,8101,4
732,21,7386,2
733,21,6634,3
734,21,3427,3
735,21,4260,3
736,21,6945,2
737,21,9982,3
738,21,5028,1
739,21,620,4
740,21,7781,1
741,21,8065,2
742,21,2791,3
743,21,3474,3
744,21,7949,1
745,21,2501,4
746,21,3687,2
747,21,1631,4
748,21,897,4
749,22,564,3
750,22,3555,2
751,22,1387,3
752,22,3619,3
753,22,10843,3
754,22,9413,4
755,22,1699,1
756,22,9000,2
757,22,3840,3
758,22,691,1
759,22,8994,4
760,22,9746,1
761,22,10111,3
762,22,7707,1
763,22,885,3
764,22,314,3
765,22,6709,4
766,22,8443,1
767,22,117,3
768,22,264,2
769,22,6578,1
770,22,4153,1
771,22,10876,1
772,22,7977,3
773,22,5235,4
774,22,8535,4
775,22,10081,1
776,22,302,2
777,22,10405,2
778,22,9523,2
779,22,10552,3
780,22,8525,4
781,22,6643,4
782,22,8774,1
783,22,8842,1
784,22,3052,2
785,23,10519,4
786,23,9284,3
787,23,10850,4
788,23,8110,4
789,23,7194,3
790,23,10783,4
791,23,7847,3
792,23,10667,2
793,23,9683,2
794,23,7244,3
795,23,5229,1
796,23,8588,3
797,23,5023,1
798,23,2047,1
799,23,3284,3
800,23,7822,3
801,23,3357,2
802,23,9806,2
803,23,2841,1
804,23,3913,3
805,23,10803,2
806,23,7941,3
807,23,4639,2
808,23,4246,2
809,23,10395,4
810,23,7984,1
811,23,2935,2
812,23,9800,1
813,23,3474,1
814,23,159,1
815,23,2373,4
816,23,4269,4
817,23,3579,3
818,23,952,4
819,24,4445,1
820,24,10092,4
821,24,261,2
822,24,7734,4
823,24,6619,4
824,24,7089,1
825,24,5379,2
826,24,6633,4
827,24,459,1
828,24,3420,3
829,24,6426,3
830,24,461,3
831,24,4926,2
832,24,3457,2
833,24,7595,2
834,24,4788,4
835,24,8953,1
836,24,8392,4
837,24,8928,1
838,24,7477,2
839,24,5221,4
840,24,3576,3
841,24,7863,1
842,24,9259,4
843,24,3288,4
844,24,4760,1
845,24,4172,4
846,24,7194,3
847,24,8826,4
848,24,9508,4
849,24,8598,3
850,24,7565,4
851,24,6955,3
852,24,2743,1
853,24,9191,2
854,24,2677,4
855,24,9254,2
856,24,9526,3
857,24,6978,2
858,24,8913,1
859,24,302,1
860,24,467,2
861,24,9024,4
862,24,2892,3
863,24,6555,1
864,24,6602,2
865,24,7198,3
866,24,801,3
867,24,7915,1
868,25,7846,3
869,25,8327,3
870,25,7791,3
871,25,3649,1
872,25,9072,4
873,25,7583,4
874,25,7370,3
875,25,7226,4
876,25,9135,2
877,25,4662,4
878,25,8921,4
879,25,232,3
880,25,2742,3
881,25,7756,3
882,25,8454,2
883,25,1141,2
884,25,3242,2
885,25,6722,4
886,25,9425,4
887,25,7156,1
888,25,7045,4
889,25,504,3
890,25,558,3
891,25,10709,1
892,25,8865,3
893,25,7919,2
894,25,3969,1
895,25,3456,2
896,25,9137,1
897,25,191,4
898,25,41,1
899,25,4239,1
900,25,534,3
901,25,7492,1
902,25,7440,1
903,25,10798,3
904,25,3497,4
905,25,8393,4
906,25,6885,2
907,25,6515,2
908,25,3369,1
909,25,10641,1
910,25,5476,2
911,25,4973,2
912,25,4035,2
913,25,220,3
914,25,10585,4
915,26,3286,3
916,26,3226,1
917,26,10237,1
918,26,10786,2
919,26,7630,3
920,26,301,2
921,26,3962,2
922,26,10780,1
923,26,9790,4
924,26,1451,2
925,26,1581,1
926,26,10876,1
927,26,10042,4
928,26,6932,4
929,26,6689,2
930,26,7853,2
931,26,10634,2
932,26,9999,2
933,26,7076,3
934,26,953,3
935,26,3708,4
936,26,8635,3
937,27,4411,3
938,27,10796,4
939,27,4536,2
940,27,4501,2
941,27,7295,4
942,27,591,4
943,27,10745,1
944,27,8402,1
945,27,2080,2
946,27,100,1
947,27,4649,3
948,27,2691,2
949,27,3840,2
950,27,4639,1
951,27,10782,3
952,27,10163,3
953,27,5397,3
954,27,7246,1
955,27,7275,2
956,27,1536,2
957,27,9896,4
958,27,9736,2
959,27,7171,1
960,27,8044,3
961,27,3167,4
962,27,6562,2
963,27,7891,3
964,27,5371,1
965,27,8809,1
966,27,5107,1
967,28,6869,1
968,28,6890,2
969,28,546,2
970,28,6839,3
971,28,3457,4
972,28,7553,3
973,28,10230,4
974,28,3159,2
975,28,8053,4
976,28,10815,4
977,28,376,3
978,28,2743,2
979,28,9093,3
980,28,10432,2
981,28,3143,3
982,28,2862,1
983,28,3995,2
984,28,7151,1
985,28,9063,1
986,28,9005,4
987,28,6884,1
988,28,38,3
989,28,7662,2
990,28,8279,4
991,28,8172,2
992,28,1842,4
993,28,3451,2
994,28,9509,1
995,28,6998,1
996,29,5311,4
997,29,3817,1
998,29,10303,4
999,29,6567,3
1000,29,171,2
1001,29,6957,2
1002,29,246,1
1003,29,2566,3
1004,29,4370,2
1005,29,9906,1
1006,29,4667,2
1007,29,3858,1
1008,29,10748,1
1009,29,9494,2
1010,29,518,4
1011,29,7940,4
1012,29,10420,3
1013,29,378,2
1014,29,4104,4
1015,29,3008,2
1016,29,9050,2
1017,29,6721,4
1018,29,9100,4
1019,29,9445,2
1020,30,3623,2
1021,30,10306,4
1022,30,10310,4
1023,30,9537,3
1024,30,8926,3
1025,30,10787,2
1026,30,4506,1
1027,30,8380,3
1028,30,422,3
1029,30,48,1
1030,30,3286,4
1031,30,539,4
1032,30,2267,4
1033,30,1168,3
1034,30,10246,4
1035,30,10327,4
1036,30,8807,1
1037,30,8866,4
1038,30,962,2
1039,30,4986,2
1040,30,753,2
1041,30,7641,4
1042,30,6998,4
1043,30,3158,4
1044,30,3137,1
1045,31,8757,1
1046,31,7184,3
1047,31,8053,1
1048,31,9834,1
1049,31,177,3
1050,31,5199,4
1051,31,491,1
1052,31,1947,1
1053,31,7568,3
1054,31,7248,2
1055,31,768,3
1056,31,9552,3
1057,31,9512,3
1058,31,3557,2
1059,31,6738,4
1060,31,1320,1
1061,31,456,1
1062,31,8380,3
1063,31,7621,4
1064,31,9249,4
1065,31,8195,1
1066,31,3344,4
1067,31,7503,2
1068,31,10514,4
1069,31,5428,3
1070,31,8924,3
1071,31,9021,4
1072,31,1149,4
1073,32,10531,4
1074,32,6874,4
1075,32,6444,1
1076,32,10233,4
1077,32,10755,4
1078,32,10548,3
1079,32,8968,4
1080,32,7714,2
1081,32,8456,3
1082,32,8022,4
1083,32,4658,3
1084,32,6565,3
1085,32,2775,2
1086,32,9765,4
1087,32,6770,4
1088,32,9193,1
1089,32,3838,1
1090,32,8795,1
1091,32,115,4
1092,32,4523,1
1093,32,7993,1
1094,32,8990,4
1095,32,5023,3
1096,32,8816,3
1097,32,5101,4
1098,32,5028,3
1099,32,110,2
1100,32,876,1
1101,33,6737,3
1102,33,6830,2
1103,33,3419,3
1104,33,1443,1
1105,33,10626,4
1106,33,8613,4
1107,33,2811,4
1108,33,116,2
1109,33,471,3
1110,33,10513,4
1111,33,7563,1
1112,33,6426,2
1113,33,680,4
1114,33,7015,1
1115,33,8959,4
1116,33,7661,2
1117,33,1581,2
1118,33,7792,1
1119,33,4088,1
1120,33,2597,4
1121,33,4341,2
1122,33,2885,2
1123,33,8935,2
1124,33,6995,3
1125,33,5084,1
1126,33,6871,1
1127,33,10246,3
1128,33,9345,4
1129,33,6854,1
1130,33,5206,1
1131,33,9246,1
1132,33,8269,1
1133,33,7206,1
1134,33,5440,3
1135,33,8488,3
1136,33,8706,1
1137,33,5478,2
1138,33,4617,1
1139,33,4129,4
1140,33,9243,4
1141,33,3830,3
1142,33,8764,2
1143,33,4573,2
1144,33,8690,1
1145,33,9875,3
1146,33,4986,4
1147,33,8963,2
1148,34,7348,1
1149,34,2032,4
1150,34,4639,1
1151,34,10355,3
1152,34,9723,3
1153,34,4261,3
1154,34,9545,4
1155,34,670,2
1156,34,2791,2
1157,34,8040,3
1158,34,3496,2
1159,34,7751,3
1160,34,5136,2
1161,34,4380,4
1162,34,10672,3
1163,34,1069,3
1164,34,4951,2
1165,34,8015,2
1166,34,1627,1
1167,34,9543,1
1168,34,4052,2
1169,34,10197,1
1170,34,8911,3
1171,34,8699,1
1172,34,577,1
1173,34,2697,1
1174,34,2527,1
1175,34,180,4
1176,34,4675,1
1177,34,7778,4
1178,34,8959,1
1179,34,136,3
1180,34,3036,3
1181,34,2780,1
1182,34,5414,4
1183,35,7251,1
1184,35,7817,1
1185,35,8927,2
1186,35,8077,1
1187,35,4949,3
1188,35,8117,3
1189,35,413,3
1190,35,648,4
1191,35,8249,3
1192,35,164,4
1193,35,2579,3
1194,35,1542,1
1195,35,9328,1
1196,35,191,4
1197,35,7495,2
1198,35,7248,1
1199,35,1401,2
1200,35,8335,3
1201,35,3873,4
1202,35,2897,2
1203,35,7563,4
1204,35,3294,1
1205,35,4246,4
1206,35,3487,1
1207,35,9494,1
1208,35,10762,4
1209,35,6906,2
1210,35,7724,1
1211,35,7472,4
1212,36,6871,1
1213,36,7913,3
1214,36,1857,2
1215,36,3962,4
1216,36,10860,4
1217,36,6736,4
1218,36,4265,4
1219,36,629,2
1220,36,10777,1
1221,36,1978,3
1222,36,3889,2
1223,36,5368,4
1224,36,6611,3
1225,36,6493,2
1226,36,7465,2
1227,36,240,3
1228,36,1148,3
1229,36,3049,1
1230,36,10765,3
1231,36,10415,1
1232,36,6599,4
1233,36,5185,4
1234,36,9005,1
1235,36,7746,3
1236,36,9296,1
1237,36,7219,1
1238,36,10205,2
1239,36,9508,3
1240,36,7392,2
1241,36,201,4
1242,36,4956,1
1243,36,8002,1
1244,36,659,2
1245,36,6633,4
1246,36,58,4
1247,36,3838,2
1248,36,63,2
1249,36,6657,1
1250,36,3614,2
1251,36,6971,1
1252,36,7188,1
1253,36,6920,3
1254,36,7402,4
1255,36,10641,3
1256,36,7389,3
1257,36,8065,1
1258,36,5025,1
1259,36,6891,4
1260,37,1155,1
1261,37,3913,1
1262,37,8948,4
1263,37,4193,4
1264,37,8298,4
1265,37,4156,3
1266,37,3722,1
1267,37,8278,4
1268,37,8059,4
1269,37,4506,4
1270,37,596,4
1271,37,5378,1
1272,37,9530,2
1273,37,9147,1
1274,37,4336,1
1275,37,10749,2
1276,37,8852,1
1277,37,7067,1
1278,37,234,4
1279,37,422,3
1280,37,1540,3
1281,37,6524,4
1282,37,43,1
1283,37,7996,1
1284,37,8291,1
1285,37,3734,3
1286,37,992,3
1287,37,450,1
1288,37,6901,1
1289,37,2823,4
1290,37,4484,3
1291,37,3980,3
1292,37,2196,4
1293,37,458,2
1294,37,8400,4
1295,37,6819,2
1296,37,8268,2
1297,37,2144,4
1298,37,3598,4
1299,37,10872,1
1300,37,8767,3
1301,37,7971,4
1302,37,2329,2
1303,37,8711,4
1304,37,8575,2
1305,37,2985,4
1306,37,678,2
1307,38,7963,4
1308,38,4611,2
1309,38,4214,4
1310,38,1577,4
1311,38,688,2
1312,38,5252,2
1313,38,8294,2
1314,38,4223,3
1315,38,4061,4
1316,38,9153,4
1317,38,9104,2
1318,38,6825,1
1319,38,3653,4
1320,38,4373,4
1321,38,6665,4
1322,38,2579,1
1323,38,3036,2
1324,38,1018,2
1325,38,9686,4
1326,38,8936,1
1327,38,197,4
1328,38,9985,1
1329,38,7671,3
1330,38,10772,1
1331,38,4227,4
1332,38,8120,4
1333,38,8905,4
1334,38,2563,2
1335,38,1442,2
1336,38,4218,2
1337,38,3226,2
1338,38,4706,3
1339,38,7520,4
1340,38,561,1
1341,38,7043,2
1342,38,8103,4
1343,38,5321,2
1344,39,8290,1
1345,39,5384,2
1346,39,3101,2
1347,39,6586,3
1348,39,2957,3
1349,39,2604,3
1350,39,4484,3
1351,39,10171,3
1352,39,7333,2
1353,39,7507,3
1354,39,3189,2
1355,39,5450,2
1356,39,5294,4
1357,39,7492,1
1358,39,8935,3
1359,39,194,1
1360,39,8101,2
1361,39,1170,3
1362,39,2937,1
1363,39,2211,2
1364,39,1580,3
1365,39,4550,1
1366,39,3526,4
1367,39,10768,1
1368,39,8776,3
1369,39,10519,3
1370,39,10223,4
1371,39,7402,3
1372,39,10457,1
1373,39,4999,1
1374,40,8697,1
1375,40,7087,2
1376,40,8865,4
1377,40,8489,1
1378,40,6924,1
1379,40,8022,2
1380,40,8270,2
1381,40,8565,3
1382,40,2639,2
1383,40,9827,3
1384,40,2925,1
1385,40,6773,2
1386,40,9423,2
1387,40,4648,3
1388,40,7896,1
1389,40,9546,3
1390,40,10429,1
1391,40,2561,1
1392,40,10740,1
1393,40,10846,3
1394,40,10442,4
1395,40,4900,2
1396,40,2539,2
1397,40,4518,3
1398,40,9026,4
1399,40,7279,3
1400,40,2865,2
1401,40,7615,4
1402,40,9394,3
1403,41,7351,1
1404,41,10909,4
1405,41,10416,2
1406,41,8000,3
1407,41,9540,1
1408,41,9951,1
1409,41,8045,4
1410,41,172,1
1411,41,8793,1
1412,41,4765,3
1413,41,5406,1
1414,41,4706,1
1415,41,6630,4
1416,41,10048,3
1417,41,8596,1
1418,41,52,1
1419,41,4428,4
1420,41,953,3
1421,41,7859,1
1422,41,3443,4
1423,41,9779,2
1424,41,8519,3
1425,41,5329,1
1426,41,3540,2
1427,41,5484,3
1428,41,7497,2
1429,42,6773,4
1430,42,616,4
1431,42,293,3
1432,42,2828,2
1433,42,9227,4
1434,42,3748,4
1435,42,10885,4
1436,42,3623,4
1437,42,10774,3
1438,42,58,3
1439,42,3305,1
1440,42,4398,4
1441,42,3166,4
1442,42,4946,2
1443,42,8217,1
1444,42,8720,3
1445,42,2725,3
1446,42,9061,3
1447,42,4902,4
1448,42,10786,2
1449,42,3849,2
1450,42,7238,2
1451,42,2750,4
1452,42,8968,4
1453,42,7941,3
1454,42,10689,1
1455,42,3812,1
1456,42,10392,1
1457,42,5303,4
1458,42,2780,1
1459,42,8679,3
1460,42,8294,1
1461,42,9452,2
1462,42,7248,4
1463,42,8537,1
1464,42,8236,4
1465,42,282,1
1466,42,277,3
1467,43,5408,4
1468,43,6569,3
1469,43,10863,4
1470,43,3764,3
1471,43,10369,1
1472,43,5304,3
1473,43,3425,1
1474,43,4140,1
1475,43,7032,3
1476,43,8313,1
1477,43,2462,4
1478,43,9728,4
1479,43,9000,3
1480,43,8462,1
1481,43,7600,3
1482,43,6645,2
1483,43,8287,1
1484,43,5475,1
1485,43,3601,4
1486,43,3627,3
1487,43,2820,2
1488,43,4247,1
1489,43,10644,4
1490,44,7977,2
1491,44,3301,4
1492,44,7551,1
1493,44,7216,2
1494,44,8368,3
1495,44,5316,2
1496,44,7682,4
1497,44,3530,4
1498,44,8538,4
1499,44,6974,3
1500,44,3196,4
1501,44,10102,2
1502,44,9689,1
1503,44,3525,2
1504,44,9963,4
1505,44,7844,2
1506,44,4649,4
1507,44,1330,4
1508,44,10277,1
1509,44,8940,2
1510,44,387,4
1511,44,8270,4
1512,44,6630,1
1513,44,4384,1
1514,44,3704,1
1515,44,7926,1
1516,44,10866,4
1517,44,10208,1
1518,45,1438,2
1519,45,6557,4
1520,45,6577,1
1521,45,7504,4
1522,45,6690,3
1523,45,8364,3
1524,45,8442,1
1525,45,10254,4
1526,45,9999,3
1527,45,9112,3
1528,45,6451,1
1529,45,8993,1
1530,45,7185,1
1531,45,6748,1
1532,45,3295,3
1533,45,4336,1
1534,45,8978,4
1535,45,7720,2
1536,45,4593,3
1537,45,150,2
1538,45,9770,1
1539,45,4924,4
1540,45,8098,3
1541,45,6666,2
1542,46,10140,1
1543,46,3784,2
1544,46,9242,1
1545,46,10751,4
1546,46,5326,3
1547,46,8994,1
1548,46,8150,1
1549,46,7600,1
1550,46,2875,1
1551,46,10443,2
1552,46,10589,3
1553,46,1857,4
1554,46,10787,4
1555,46,9026,2
1556,46,4560,1
1557,46,7963,1
1558,46,10260,2
1559,46,4172,3
1560,46,6892,3
1561,46,7042,3
1562,46,9216,3
1563,46,8080,3
1564,46,7181,1
1565,46,8918,2
1566,46,366,2
1567,46,3617,4
1568,47,4121,3
1569,47,3308,1
1570,47,8404,4
1571,47,8037,3
1572,47,9834,1
1573,47,7362,3
1574,47,9154,2
1575,47,8167,3
1576,47,7369,3
1577,47,6863,3
1578,47,7251,1
1579,47,8313,1
1580,47,9055,1
1581,47,7314,3
1582,47,8723,4
1583,47,2405,1
1584,47,7794,3
1585,47,3401,3
1586,47,2892,4
1587,47,8265,4
1588,47,2969,1
1589,47,7024,2
1590,47,938,4
1591,47,4244,3
1592,47,3059,3
1593,47,8942,1
1594,47,2831,2
1595,47,10906,1
1596,47,5071,3
1597,47,846,4
1598,47,8408,3
1599,47,8096,4
1600,47,10780,2
1601,47,7205,3
1602,47,174,3
1603,47,9840,2
1604,47,8808,2
1605,47,634,3
1606,47,6740,3
1607,47,10749,3
1608,47,3926,3
1609,48,8920,4
1610,48,10213,1
1611,48,10899,4
1612,48,4215,4
1613,48,9821,3
1614,48,9954,3
1615,48,686,4
1616,48,8690,2
1617,48,7412,2
1618,48,277,2
1619,48,10623,2
1620,48,7049,3
1621,48,576,4
1622,48,7052,2
1623,48,8064,2
1624,48,8488,3
1625,48,3879,3
1626,48,4901,4
1627,48,7367,3
1628,48,7338,1
1629,48,4307,2
1630,48,6611,2
1631,48,3368,4
1632,48,10374,4
1633,48,5265,2
1634,48,834,1
1635,48,6504,2
1636,48,7501,4
1637,48,7968,1
1638,48,6520,4
1639,48,208,3
1640,48,3303,1
1641,48,9948,3
1642,48,8705,4
1643,48,256,3
1644,48,8594,4
1645,48,1229,3
1646,48,10557,3
1647,48,3153,2
1648,48,3295,4
1649,48,7216,4
1650,48,1446,1
1651,48,3962,2
1652,49,2873,2
1653,49,1437,2
1654,49,4840,4
1655,49,9389,4
1656,49,10143,2
1657,49,5150,2
1658,49,5208,2
1659,49,4428,2
1660,49,5239,4
1661,49,5468,3
1662,49,362,2
1663,49,7232,4
1664,49,3219,2
1665,49,3063,1
1666,49,7588,4
1667,49,4665,2
1668,49,4112,2
1669,49,7821,3
1670,49,4021,4
1671,49,10351,3
1672,49,7252,1
1673,49,10513,3
1674,49,179,2
1675,49,370,3
1676,49,8350,1
1677,49,8935,2
1678,49,2877,4
1679,49,7465,2
1680,50,3837,2
1681,50,10879,2
1682,50,10302,2
1683,50,1259,4
1684,50,2588,3
1685,50,3119,2
1686,50,4725,2
1687,50,7005,1
1688,50,4608,2
1689,50,171,3
1690,50,1577,3
1691,50,8207,4
1692,50,7449,1
1693,50,2888,1
1694,50,1217,3
1695,50,2862,4
1696,50,378,1
1697,50,9132,2
1698,50,2973,1
1699,50,7808,4
1700,50,319,1
1701,50,8538,1
1702,50,8015,4
1703,50,2804,1
1704,50,9423,1
1705,50,3014,3
1706,50,9409,1
1707,50,6773,2
1708,50,10191,4
1709,50,3153,2
1710,50,8668,2
1711,50,5386,1
1712,50,7062,1
1713,50,3913,1
1714,50,10563,1
1715,51,9767,1
1716,51,10408,3
1717,51,9017,3
1718,51,7847,2
1719,51,418,3
1720,51,3184,1
1721,51,7336,4
1722,51,6798,4
1723,51,10569,2
1724,51,6555,2
1725,51,8037,1
1726,51,6709,1
1727,51,7047,3
1728,51,1540,2
1729,51,8907,3
1730,51,7621,2
1731,51,3345,1
1732,51,10284,2
1733,51,9213,1
1734,51,7832,2
1735,51,9771,4
1736,51,6610,2
1737,52,7478,1
1738,52,824,1
1739,52,7333,1
1740,52,8000,4
1741,52,4816,1
1742,52,7556,2
1743,52,2903,3
1744,52,9513,2
1745,52,9149,1
1746,52,10458,1
1747,52,7340,4
1748,52,2664,2
1749,52,3771,3
1750,52,9021,2
1751,52,8450,1
1752,52,8564,4
1753,52,8865,1
1754,52,2543,2
1755,52,10465,1
1756,52,9400,2
1757,52,8984,1
1758,52,9911,2
1759,52,3513,3
1760,52,10850,3
1761,52,7327,4
1762,52,6670,4
1763,52,7878,2
1764,52,4170,1
1765,52,3259,3
1766,52,4035,1
1767,52,4059,4
1768,52,2196,2
1769,52,6916,2
1770,52,7794,4
1771,52,7613,2
1772,52,8782,2
1773,52,8163,1
1774,52,4987,4
1775,52,8306,3
1776,52,8592,3
1777,53,7368,1
1778,53,7004,4
1779,53,3925,3
1780,53,10528,3
1781,53,3027,2
1782,53,577,1
1783,53,992,4
1784,53,3354,1
1785,53,7986,4
1786,53,7970,4
1787,53,6839,3
1788,53,7047,1
1789,53,10143,2
1790,53,5448,1
1791,53,8238,2
1792,53,7504,1
1793,53,7226,1
1794,53,10873,2
1795,53,9705,3
1796,53,3921,4
1797,53,9848,2
1798,53,9684,3
1799,53,4523,1
1800,53,9517,4
1801,53,9065,1
1802,53,8835,2
1803,53,2501,2
1804,53,6522,3
1805,53,6454,1
1806,53,3472,4
1807,54,4840,1
1808,54,8348,2
1809,54,9792,2
1810,54,634,2
1811,54,3764,2
1812,54,6592,2
1813,54,7089,3
1814,54,4440,2
1815,54,6995,2
1816,54,7150,1
1817,54,10130,2
1818,54,4408,4
1819,54,2713,3
1820,54,4785,4
1821,54,9416,3
1822,54,7790,3
1823,54,8020,4
1824,54,9269,1
1825,54,3581,1
1826,54,143,2
1827,54,7791,2
1828,54,7634,1
1829,54,4306,4
1830,54,3324,2
1831,54,7313,1
1832,54,7486,3
1833,54,6834,4
1834,54,7914,4
1835,54,7168,4
1836,54,9920,1
1837,54,8460,3
1838,54,5086,2
1839,54,3734,4
1840,54,8049,4
1841,54,1521,4
1842,54,1396,1
1843,54,8624,3
1844,54,8918,4
1845,54,9780,1
1846,54,10608,2
1847,54,3538,4
1848,54,628,1
1849,55,2885,2
1850,55,3059,3
1851,55,4140,3
1852,55,9333,3
1853,55,8422,4
1854,55,8438,1
1855,55,6645,2
1856,55,3229,3
1857,55,5392,1
1858,55,7062,3
1859,55,5148,4
1860,55,7581,4
1861,55,7034,4
1862,55,9412,3
1863,55,7970,1
1864,55,3787,2
1865,55,3889,1
1866,55,2786,3
1867,55,3675,3
1868,55,5026,4
1869,55,1524,3
1870,55,7949,1
1871,55,7750,3
1872,55,256,4
1873,55,7442,2
1874,55,920,4
1875,55,2570,4
1876,55,93,1
1877,55,8770,1
1878,55,8599,2
1879,55,6729,4
1880,55,10145,4
1881,55,5006,3
1882,55,7792,1
1883,55,4495,1
1884,55,3189,3
1885,55,7362,4
1886,55,8738,1
1887,55,2405,3
1888,55,7524,4
1889,55,1387,1
1890,55,9840,1
1891,56,7031,1
1892,56,7649,2
1893,56,42,2
1894,56,3472,3
1895,56,5468,2
1896,56,2611,3
1897,56,9050,2
1898,56,3594,3
1899,56,1978,1
1900,56,6693,3
1901,56,10399,4
1902,56,7364,3
1903,56,6613,3
1904,56,7034,1
1905,56,329,4
1906,56,10317,1
1907,56,3559,2
1908,56,6873,4
1909,56,8958,2
1910,56,8061,2
1911,56,282,1
1912,56,5006,1
1913,56,8054,4
1914,56,9039,4
1915,56,6815,1
1916,56,2545,3
1917,56,6428,4
1918,56,122,2
1919,56,4709,4
1920,56,3153,1
1921,56,9832,1
1922,56,435,2
1923,56,7154,1
1924,56,8290,3
1925,56,187,3
1926,56,8305,2
1927,56,10840,3
1928,56,1249,2
1929,56,342,2
1930,56,10385,2
1931,56,4968,2
1932,56,10070,1
1933,56,167,4
1934,57,1857,3
1935,57,7825,1
1936,57,9808,2
1937,57,489,3
1938,57,8068,3
1939,57,3152,1
1940,57,4205,4
1941,57,10374,2
1942,57,10752,4
1943,57,7061,4
1944,57,10783,4
1945,57,6960,2
1946,57,8691,3
1947,57,5150,2
1948,57,8604,3
1949,57,6489,4
1950,57,9010,3
1951,57,414,3
1952,57,8875,3
1953,57,6761,1
1954,57,3596,1
1955,57,3363,2
1956,57,3054,4
1957,57,9736,2
1958,57,6625,4
1959,57,6971,3
1960,57,2916,4
1961,57,2164,1
1962,58,6983,2
1963,58,8776,3
1964,58,8620,3
1965,58,7760,1
1966,58,9137,3
1967,58,8437,1
1968,58,4985,1
1969,58,6667,4
1970,58,293,1
1971,58,10513,3
1972,58,9520,1
1973,58,9227,4
1974,58,7021,2
1975,58,3592,3
1976,58,7001,2
1977,58,7244,3
1978,58,9774,2
1979,58,3547,1
1980,58,10747,4
1981,58,294,4
1982,58,8944,2
1983,58,4717,3
1984,58,693,4
1985,58,6559,1
1986,58,6919,4
1987,58,5283,3
1988,58,1662,3
1989,58,5106,2
1990,58,4528,3
1991,58,7069,3
1992,58,3061,2
1993,58,4217,2
1994,58,8061,3
1995,58,6642,2
1996,58,1528,1
1997,58,6657,4
1998,58,2468,1
1999,58,2889,1
2000,58,7641,3
2001,58,8693,2
2002,58,931,3
2003,58,8233,2
2004,58,1249,2
2005,58,7974,4
2006,58,298,1
2007,58,2531,4
2008,58,9369,2
2009,59,3978,4
2010,59,9737,4
2011,59,3900,2
2012,59,7915,4
2013,59,8681,3
2014,59,9408,3
2015,59,4736,3
2016,59,226,2
2017,59,6667,4
2018,59,8846,1
2019,59,10399,2
2020,59,9740,3
2021,59,3010,3
2022,59,3683,4
2023,59,3137,2
2024,59,9130,1
2025,59,7652,3
2026,59,9543,1
2027,59,10119,1
2028,59,7252,2
2029,59,1068,3
2030,59,9021,2
2031,59,5447,1
2032,59,6603,2
2033,59,8898,1
2034,59,7122,2
2035,59,9680,3
2036,59,7267,4
2037,59,2746,4
2038,60,4966,2
2039,60,10461,4
2040,60,7660,3
2041,60,1442,3
2042,60,10395,4
2043,60,7294,3
2044,60,10703,3
2045,60,8779,2
2046,60,2897,3
2047,60,3978,3
2048,60,9723,1
2049,60,6855,4
2050,60,4469,2
2051,60,7139,4
2052,60,4973,4
2053,60,4796,2
2054,60,6799,3
2055,60,6814,1
2056,60,8603,1
2057,60,1085,4
2058,60,9790,2
2059,60,1593,3
2060,60,7027,1
2061,61,8648,2
2062,61,7411,1
2063,61,8909,4
2064,61,8585,4
2065,61,751,1
2066,61,332,1
2067,61,6950,3
2068,61,5063,1
2069,61,8827,2
2070,61,9512,2
2071,61,8420,2
2072,61,7139,3
2073,61,7186,3
2074,61,4241,4
2075,61,824,3
2076,61,6572,1
2077,61,930,1
2078,61,4161,2
2079,61,10685,3
2080,61,7795,4
2081,61,5473,3
2082,61,8143,2
2083,61,3764,1
2084,61,10548,3
2085,61,531,2
2086,61,10094,1
2087,61,5392,4
2088,61,9163,1
2089,61,3103,1
2090,61,8635,3
2091,61,2950,4
2092,61,10573,3
2093,61,5354,1
2094,61,4378,2
2095,61,2986,2
2096,61,7006,3
2097,61,8214,4
2098,61,3620,4
2099,61,10783,1
2100,61,2768,2
2101,61,9821,3
2102,61,7832,3
2103,61,360,1
2104,61,2901,2
2105,61,10016,1
2106,61,4064,3
2107,62,6815,3
2108,62,3359,4
2109,62,6809,1
2110,62,346,1
2111,62,8659,2
2112,62,606,3
2113,62,9153,1
2114,62,1944,4
2115,62,10740,4
2116,62,85,4
2117,62,8172,1
2118,62,4213,3
2119,62,9826,4
2120,62,2865,2
2121,62,8909,1
2122,62,2364,1
2123,62,8993,4
2124,62,7181,4
2125,62,89,3
2126,62,9246,1
2127,62,2959,2
2128,62,3065,1
2129,62,5321,4
2130,62,10613,4
2131,62,4172,1
2132,62,2563,4
2133,62,9777,4
2134,62,4269,3
2135,62,9742,1
2136,62,6932,2
2137,62,9979,2
2138,62,3805,1
2139,62,3282,3
2140,62,6671,1
2141,62,5423,4
2142,62,2835,1
2143,62,6606,4
2144,62,435,2
2145,62,6974,1
2146,62,620,2
2147,63,5349,3
2148,63,9294,3
2149,63,7861,4
2150,63,9158,3
2151,63,9393,2
2152,63,8944,3
2153,63,8049,2
2154,63,2737,4
2155,63,7009,1
2156,63,4482,4
2157,63,4902,4
2158,63,6723,3
2159,63,3242,4
2160,63,6582,4
2161,63,1074,4
2162,63,6737,2
2163,63,8034,3
2164,63,6718,1
2165,63,5213,1
2166,63,7349,2
2167,63,8309,3
2168,63,8635,4
2169,63,5211,1
2170,63,10309,2
2171,63,9867,1
2172,63,8305,2
2173,64,8099,2
2174,64,4948,1
2175,64,9239,1
2176,64,2528,4
2177,64,7321,1
2178,64,2803,4
2179,64,3498,4
2180,64,10403,2
2181,64,8593,1
2182,64,3936,4
2183,64,342,1
2184,64,7673,1
2185,64,7859,1
2186,64,8651,1
2187,64,2066,2
2188,64,5059,4
2189,64,9979,1
2190,64,1144,1
2191,64,3116,4
2192,64,5078,3
2193,64,6498,3
2194,64,7378,1
2195,64,3348,2
2196,64,1018,3
2197,64,3368,3
2198,64,4241,3
2199,64,8822,3
2200,64,7040,4
2201,64,131,4
2202,64,10385,4
2203,64,3598,3
2204,65,10440,3
2205,65,2566,1
2206,65,5213,1
2207,65,9716,2
2208,65,396,4
2209,65,7294,1
2210,65,4949,4
2211,65,998,3
2212,65,6919,1
2213,65,8329,1
2214,65,4608,2
2215,65,8088,4
2216,65,7850,2
2217,65,7681,2
2218,65,4984,1
2219,65,7175,3
2220,65,588,2
2221,65,8222,4
2222,65,4901,1
2223,65,7168,1
2224,65,10290,2
2225,65,4047,4
2226,65,7212,1
2227,65,7063,3
2228,65,8750,1
2229,65,7109,4
2230,65,2963,2
2231,65,8700,3
2232,65,4770,1
2233,65,7367,4
2234,65,3909,2
2235,65,8320,3
2236,65,8163,4
2237,65,2656,4
2238,65,9996,3
2239,65,9352,1
2240,65,4061,3
2241,65,8200,2
2242,65,7485,3
2243,65,366,2
2244,65,5422,1
2245,65,256,2
2246,65,3455,1
2247,65,8811,2
2248,65,6530,1
2249,65,152,2
2250,65,8731,1
2251,65,10589,1
2252,65,6894,3
2253,66,4648,4
2254,66,472,1
2255,66,8770,3
2256,66,4617,1
2257,66,3779,4
2258,66,2818,1
2259,66,8121,1
2260,66,7577,3
2261,66,3828,1
2262,66,9061,2
2263,66,3592,4
2264,66,6743,4
2265,66,7847,3
2266,66,10895,3
2267,66,7360,2
2268,66,8613,1
2269,66,3230,3
2270,66,8053,1
2271,66,2189,3
2272,66,10741,3
2273,66,4953,2
2274,66,8085,4
2275,66,9909,2
2276,66,7771,3
2277,66,2853,1
2278,66,3054,3
2279,66,8478,4
2280,66,970,2
2281,66,3980,1
2282,66,45,2
2283,66,721,3
2284,66,7590,2
2285,66,8763,3
2286,66,5373,4
2287,66,8743,2
2288,66,2970,1
2289,66,459,2
2290,66,4423,4
2291,66,3762,1
2292,66,3091,1
2293,66,5368,1
2294,66,10716,4
2295,66,4366,1
2296,66,10531,2
2297,66,3729,1
2298,67,7244,4
2299,67,10905,1
2300,67,7652,4
2301,67,6721,2
2302,67,7913,2
2303,67,5192,3
2304,67,2889,2
2305,67,10422,4
2306,67,7274,4
2307,67,7595,3
2308,67,7052,1
2309,67,9832,3
2310,67,8591,2
2311,67,9750,4
2312,67,7498,4
2313,67,7596,3
2314,67,117,4
2315,67,4059,4
2316,67,5371,3
2317,67,3216,4
2318,67,779,2
2319,67,5185,2
2320,67,6671,4
2321,67,5354,1
2322,67,10385,1
2323,67,3596,2
2324,67,7928,3
2325,67,40,4
2326,67,7001,1
2327,67,4068,2
2328,67,4395,3
2329,67,9270,4
2330,67,7752,2
2331,67,4037,3
2332,67,10482,3
2333,67,7489,4
2334,67,8928,3
2335,68,10457,3
2336,68,10750,4
2337,68,7688,4
2338,68,7076,2
2339,68,8104,3
2340,68,5190,3
2341,68,2791,2
2342,68,3337,1
2343,68,6724,1
2344,68,5188,3
2345,68,85,2
2346,68,5189,3
2347,68,370,3
2348,68,10716,4
2349,68,4026,1
2350,68,2691,3
2351,68,279,1
2352,68,6857,3
2353,68,7399,4
2354,68,7936,4
2355,68,751,3
2356,68,7061,2
2357,68,7267,4
2358,68,9971,4
2359,68,3119,3
2360,68,4332,3
2361,68,6727,3
2362,68,468,2
2363,68,6736,4
2364,68,8927,3
2365,68,3448,3
2366,68,9066,3
2367,68,7752,1
2368,68,8710,1
2369,68,7295,2
2370,68,8168,3
2371,68,8885,1
2372,68,8224,3
2373,68,8782,4
2374,68,10567,1
2375,68,3899,3
2376,69,9966,2
2377,69,8121,1
2378,69,8949,2
2379,69,9033,4
2380,69,2775,2
2381,69,9520,2
2382,69,4176,3
2383,69,7084,3
2384,69,4346,1
2385,69,6950,4
2386,69,9497,1
2387,69,2479,1
2388,69,2577,2
2389,69,3762,1
2390,69,7914,4
2391,69,7978,4
2392,69,4423,2
2393,69,3135,3
2394,69,7641,3
2395,69,3593,1
2396,70,5012,3
2397,70,467,1
2398,70,9872,2
2399,70,366,2
2400,70,191,3
2401,70,4420,2
2402,70,3055,3
2403,70,8131,4
2404,70,8128,2
2405,70,495,1
2406,70,8530,1
2407,70,9868,3
2408,70,1521,1
2409,70,6787,1
2410,70,7405,3
2411,70,4614,4
2412,70,10600,3
2413,70,7580,3
2414,70,8545,3
2415,70,10581,3
2416,70,9409,2
2417,70,3033,2
2418,70,10493,2
2419,70,4410,1
2420,70,8516,1
2421,70,408,4
2422,70,8255,3
2423,70,7615,4
2424,70,8888,4
2425,70,8919,4
2426,70,7673,4
2427,70,3349,2
2428,70,8613,1
2429,70,6719,2
2430,70,4550,3
2431,70,7822,3
2432,71,8594,4
2433,71,6896,1
2434,71,266,2
2435,71,3598,2
2436,71,8131,2
2437,71,6500,1
2438,71,7252,4
2439,71,8259,3
2440,71,2570,2
2441,71,3593,2
2442,71,7716,1
2443,71,7206,2
2444,71,6919,4
2445,71,10328,2
2446,71,52,3
2447,71,324,1
2448,71,2847,4
2449,71,7853,3
2450,71,6809,1
2451,71,10406,2
2452,71,9015,3
2453,71,3427,3
2454,71,9382,3
2455,71,2542,4
2456,71,2919,1
2457,71,3056,2
2458,72,3476,3
2459,72,3145,2
2460,72,7305,4
2461,72,3608,2
2462,72,7609,3
2463,72,3543,3
2464,72,7782,1
2465,72,7497,2
2466,72,9695,2
2467,72,10619,4
2468,72,4000,3
2469,72,3497,3
2470,72,2530,1
2471,72,4530,4
2472,72,7888,4
2473,72,5363,3
2474,72,5353,2
2475,72,10381,1
2476,72,4934,4
2477,72,3723,4
2478,72,9497,1
2479,72,6611,2
2480,72,3226,4
2481,72,9946,2
2482,72,7753,3
2483,72,2815,2
2484,72,9494,3
2485,72,4388,4
2486,72,5354,1
2487,72,8195,4
2488,72,3402,1
2489,72,2113,3
2490,72,3769,3
2491,72,10048,2
2492,72,5206,4
2493,73,10863,2
2494,73,173,4
2495,73,10619,4
2496,73,2900,1
2497,73,10905,4
2498,73,2731,1
2499,73,1882,2
2500,73,8676,3
2501,73,3384,3
2502,73,7332,4
2503,73,8225,1
2504,73,10778,1
2505,73,9130,1
2506,73,3132,2
2507,73,1947,1
2508,73,211,4
2509,73,1042,3
2510,73,2673,3
2511,73,7112,3
2512,73,10202,3
2513,73,5192,3
2514,73,8173,1
2515,73,9513,1
2516,73,8151,1
2517,73,9754,1
2518,73,8779,3
2519,73,6600,4
2520,73,10759,2
2521,73,10505,1
2522,74,552,4
2523,74,4929,1
2524,74,8653,1
2525,74,10716,3
2526,74,6723,2
2527,74,8081,1
2528,74,9495,4
2529,74,88,4
2530,74,7337,1
2531,74,9483,2
2532,74,603,2
2533,74,8029,2
2534,74,9827,2
2535,74,7820,3
2536,74,3301,3
2537,74,8171,1
2538,74,6663,4
2539,74,8244,4
2540,74,970,3
2541,74,5237,1
2542,74,3337,4
2543,74,615,1
2544,74,7679,2
2545,74,10573,2
2546,74,10613,2
2547,74,6504,4
2548,74,2639,1
2549,74,7496,3
2550,74,4410,2
2551,74,9832,4
2552,74,2831,4
2553,74,971,2
2554,74,7767,1
2555,74,3057,2
2556,74,1100,3
2557,74,6511,1
2558,74,3483,1
2559,74,6657,2
2560,74,366,1
2561,74,5378,3
2562,74,3588,3
2563,74,8030,1
2564,74,7596,4
2565,75,8383,4
2566,75,2417,2
2567,75,10234,1
2568,75,7002,2
2569,75,8252,1
2570,75,10280,4
2571,75,7540,1
2572,75,1528,4
2573,75,6569,4
2574,75,8800,2
2575,75,575,1
2576,75,10476,3
2577,75,10828,2
2578,75,7596,4
2579,75,2579,4
2580,75,8795,2
2581,75,10110,3
2582,75,3716,4
2583,75,8060,2
2584,75,10032,4
2585,75,7727,1
2586,75,6770,1
2587,75,10175,4
2588,75,10415,4
2589,75,10788,3
2590,75,1157,4
2591,75,8098,1
2592,75,589,1
2593,75,8648,1
2594,75,174,4
2595,75,9384,2
2596,75,8471,4
2597,75,1075,4
2598,75,3009,4
2599,75,8714,4
2600,75,6677,3
2601,75,8667,2
2602,75,7455,1
2603,75,3601,2
2604,75,3780,2
2605,75,7296,2
2606,76,8012,2
2607,76,8439,3
2608,76,1157,4
2609,76,7945,4
2610,76,3301,3
2611,76,1168,2
2612,76,8238,3
2613,76,6912,1
2614,76,9210,3
2615,76,9024,3
2616,76,3284,1
2617,76,2727,4
2618,76,5223,4
2619,76,7789,3
2620,76,4218,2
2621,76,4662,2
2622,76,3840,1
2623,76,4796,1
2624,76,7303,4
2625,76,7855,2
2626,76,9791,2
2627,76,7688,2
2628,76,10233,1
2629,76,2078,2
2630,76,7065,4
2631,76,7747,2
2632,76,7928,4
2633,76,8243,1
2634,76,3296,4
2635,76,7804,2
2636,76,7494,2
2637,76,7655,1
2638,76,7456,1
2639,76,4111,1
2640,76,4675,3
2641,76,10206,3
2642,76,7295,1
2643,77,5474,2
2644,77,4450,3
2645,77,10580,1
2646,77,616,4
2647,77,8214,1
2648,77,9162,3
2649,77,4133,2
2650,77,3295,1
2651,77,4709,4
2652,77,8746,1
2653,77,7995,1
2654,77,8168,2
2655,77,2757,4
2656,77,3143,4
2657,77,7013,3
2658,77,8133,4
2659,77,6641,2
2660,77,5229,3
2661,77,8673,1
2662,77,4658,2
2663,77,10198,4
2664,77,4650,4
2665,77,8320,4
2666,77,8808,2
2667,77,7247,4
2668,77,5143,1
2669,77,9536,2
2670,77,6611,4
2671,77,7503,3
2672,77,5159,4
2673,77,6778,4
2674,77,7704,2
2675,77,4383,4
2676,77,6643,3
2677,77,7710,3
2678,78,3271,4
2679,78,224,2
2680,78,605,1
2681,78,1031,1
2682,78,566,4
2683,78,7760,1
2684,78,378,1
2685,78,7314,2
2686,78,5466,2
2687,78,7054,3
2688,78,5265,2
2689,78,7465,4
2690,78,3408,4
2691,78,10081,4
2692,78,10569,3
2693,78,10654,4
2694,78,4594,1
2695,78,4423,2
2696,78,7367,3
2697,78,1505,2
2698,78,223,2
2699,78,5392,4
2700,78,5128,1
2701,78,3363,2
2702,78,4785,3
2703,79,10759,1
2704,79,2757,2
2705,79,8272,3
2706,79,6460,3
2707,79,8638,3
2708,79,4951,4
2709,79,4515,3
2710,79,5465,2
2711,79,8489,3
2712,79,8798,2
2713,79,8703,2
2714,79,6748,2
2715,79,3913,2
2716,79,2417,2
2717,79,8874,4
2718,79,2901,2
2719,79,4692,4
2720,79,558,3
2721,79,3256,2
2722,79,7732,3
2723,79,5353,2
2724,79,7340,1
2725,79,7195,1
2726,79,5096,4
2727,79,2984,4
2728,79,4771,3
2729,79,2751,1
2730,79,3003,2
2731,79,7440,3
2732,79,2883,1
2733,79,8145,4
2734,80,4341,1
2735,80,7006,1
2736,80,10317,2
2737,80,3642,2
2738,80,6683,4
2739,80,465,2
2740,80,3133,3
2741,80,4614,3
2742,80,1861,3
2743,80,7413,2
2744,80,2969,4
2745,80,7671,4
2746,80,10216,3
2747,80,10406,3
2748,80,593,1
2749,80,5311,4
2750,80,10654,1
2751,80,4223,1
2752,80,6721,4
2753,80,7793,4
2754,80,10837,1
2755,80,10778,4
2756,80,76,2
2757,80,7358,2
2758,80,7474,1
2759,80,1320,4
2760,80,3235,3
2761,81,9716,3
2762,81,8927,1
2763,81,502,3
2764,81,8666,4
2765,81,4341,4
2766,81,3488,4
2767,81,8518,1
2768,81,8938,2
2769,81,7935,4
2770,81,10585,3
2771,81,7883,2
2772,81,10111,3
2773,81,595,4
2774,81,10759,2
2775,81,9508,3
2776,81,824,2
2777,81,7509,1
2778,81,9332,1
2779,81,8490,2
2780,81,92,2
2781,81,10729,3
2782,81,5128,4
2783,81,7940,3
2784,81,10213,3
2785,81,7435,3
2786,81,9239,1
2787,81,9389,1
2788,81,2778,3
2789,81,1293,4
2790,81,7645,3
2791,81,8560,1
2792,81,4749,1
2793,82,249,3
2794,82,8575,3
2795,82,9030,4
2796,82,10564,3
2797,82,8863,3
2798,82,1699,3
2799,82,2825,3
2800,82,9162,2
2801,82,383,1
2802,82,2829,2
2803,82,2897,1
2804,82,2605,2
2805,82,4093,3
2806,82,8607,1
2807,82,9056,3
2808,82,9141,2
2809,82,9158,3
2810,82,8786,4
2811,82,7571,2
2812,82,10807,1
2813,82,6967,4
2814,82,9740,3
2815,82,2856,2
2816,82,776,2
2817,82,495,3
2818,82,10374,4
2819,82,10357,4
2820,82,3978,4
2821,82,7045,4
2822,82,8749,4
2823,82,240,1
2824,82,9365,2
2825,82,8473,2
2826,82,7155,4
2827,82,4776,3
2828,82,9511,2
2829,82,8251,4
2830,82,8720,3
2831,82,8804,4
2832,82,7027,1
2833,82,10772,1
2834,82,6796,4
2835,82,7776,3
2836,82,9063,1
2837,82,649,3
2838,82,8987,4
2839,83,2366,4
2840,83,8935,4
2841,83,8588,2
2842,83,467,4
2843,83,8937,3
2844,83,9540,3
2845,83,7949,1
2846,83,1541,2
2847,83,8930,2
2848,83,603,2
2849,83,6426,3
2850,83,2873,3
2851,83,4277,3
2852,83,10283,3
2853,83,6639,1
2854,83,80,4
2855,83,8222,4
2856,83,8305,4
2857,83,3708,4
2858,83,374,1
2859,83,6886,4
2860,83,7562,4
2861,83,6475,3
2862,83,1716,2
2863,83,6455,2
2864,83,8044,2
2865,83,3310,1
2866,83,9112,2
2867,83,9781,4
2868,83,10905,4
2869,83,953,2
2870,83,7212,3
2871,83,7126,2
2872,84,10425,2
2873,84,10808,1
2874,84,5150,4
2875,84,9211,2
2876,84,591,1
2877,84,8038,4
2878,84,4223,3
2879,84,1303,4
2880,84,7461,2
2881,84,8423,2
2882,84,8885,1
2883,84,7979,3
2884,84,5318,3
2885,84,4460,3
2886,84,8020,2
2887,84,7538,1
2888,84,10139,1
2889,84,7914,3
2890,84,1507,2
2891,84,178,2
2892,84,3166,3
2893,84,2325,1
2894,84,9740,1
2895,84,7076,2
2896,84,6460,1
2897,84,10175,3
2898,84,9362,2
2899,84,1551,4
2900,84,10385,4
2901,84,3723,2
2902,84,3168,1
2903,84,5379,2
2904,84,1559,1
2905,84,6546,1
2906,84,6664,1
2907,84,8454,2
2908,84,7847,1
2909,84,4956,2
2910,85,7780,3
2911,85,8018,4
2912,85,2945,2
2913,85,7704,3
2914,85,4028,1
2915,85,8075,4
2916,85,8298,3
2917,85,10230,2
2918,85,10450,4
2919,85,9908,3
2920,85,8374,1
2921,85,9058,3
2922,85,6778,4
2923,85,8648,2
2924,85,4055,1
2925,85,10642,3
2926,85,4205,1
2927,85,8768,3
2928,85,3229,2
2929,85,10731,2
2930,85,8558,3
2931,85,220,3
2932,85,8488,3
2933,86,8075,3
2934,86,9423,4
2935,86,7616,1
2936,86,8584,2
2937,86,6759,2
2938,86,1587,4
2939,86,8121,3
2940,86,10689,4
2941,86,332,2
2942,86,10828,2
2943,86,8714,4
2944,86,7977,3
2945,86,5423,1
2946,86,9855,2
2947,86,6426,3
2948,86,9954,2
2949,86,1593,2
2950,86,6663,2
2951,86,691,1
2952,86,4213,1
2953,86,6665,1
2954,86,463,1
2955,86,7792,3
2956,86,3780,4
2957,86,7915,1
2958,86,8080,4
2959,86,8620,3
2960,86,7919,1
2961,86,5386,4
2962,86,10685,2
2963,86,3057,1
2964,86,501,2
2965,87,6502,3
2966,87,6885,4
2967,87,6585,4
2968,87,8791,2
2969,87,6554,4
2970,87,8163,3
2971,87,611,4
2972,87,4987,3
2973,87,6494,1
2974,87,193,1
2975,87,851,2
2976,87,7714,3
2977,87,10759,4
2978,87,5398,2
2979,87,7581,3
2980,87,9351,3
2981,87,9471,3
2982,87,7662,2
2983,87,2923,4
2984,87,7106,3
2985,87,3443,3
2986,87,3917,1
2987,87,7508,4
2988,87,2189,1
2989,87,7076,3
2990,87,3022,4
2991,87,7954,3
2992,87,4096,4
2993,87,3321,2
2994,87,1141,4
2995,87,8533,2
2996,87,8705,3
2997,87,2916,3
2998,87,4876,3
2999,87,5134,4
3000,87,6614,4
3001,87,298,1
3002,87,6944,3
3003,87,4665,4
3004,88,1699,3
3005,88,9695,4
3006,88,3413,1
3007,88,7006,4
3008,88,8645,3
3009,88,10263,1
3010,88,10443,2
3011,88,6634,2
3012,88,2742,1
3013,88,10102,3
3014,88,2990,2
3015,88,8478,1
3016,88,8379,3
3017,88,465,1
3018,88,3717,4
3019,88,8313,3
3020,88,8750,2
3021,88,8314,3
3022,88,52,3
3023,88,10561,4
3024,88,4037,1
3025,88,2111,3
3026,89,159,1
3027,89,6904,2
3028,89,6580,2
3029,89,1149,4
3030,89,6525,3
3031,89,606,1
3032,89,8030,2
3033,89,232,3
3034,89,9341,1
3035,89,9158,3
3036,89,4277,4
3037,89,5415,1
3038,89,10566,3
3039,89,691,3
3040,89,8096,3
3041,89,8199,4
3042,89,8942,1
3043,89,8958,3
3044,89,1117,3
3045,89,4337,3
3046,89,9408,2
3047,89,7229,3
3048,89,4037,4
3049,89,7989,1
3050,89,5101,1
3051,89,2571,2
3052,89,9423,4
3053,89,8765,2
3054,89,250,3
3055,89,8635,3
3056,89,10789,4
3057,89,7333,2
3058,89,1809,2
3059,89,8871,1
3060,89,8661,4
3061,89,10408,2
3062,90,3969,3
3063,90,8400,4
3064,90,494,4
3065,90,3656,3
3066,90,7030,4
3067,90,1593,4
3068,90,6600,4
3069,90,10300,3
3070,90,4433,1
3071,90,6673,4
3072,90,364,1
3073,90,7589,3
3074,90,9101,3
3075,90,5096,2
3076,90,9765,3
3077,90,2797,2
3078,90,280,4
3079,90,8217,1
3080,90,1399,1
3081,90,4957,4
3082,90,559,1
3083,90,4068,3
3084,90,9193,2
3085,90,6660,4
3086,90,7732,3
3087,90,109,4
3088,90,4394,4
3089,90,9737,3
3090,90,10171,4
3091,90,4241,1
3092,90,5269,4
3093,90,1797,3
3094,90,5229,2
3095,91,3161,3
3096,91,9718,2
3097,91,9135,2
3098,91,8928,2
3099,91,8117,1
3100,91,8299,2
3101,91,10563,4
3102,91,8884,3
3103,91,10011,3
3104,91,4247,4
3105,91,3058,3
3106,91,7961,1
3107,91,7399,4
3108,91,9184,1
3109,91,930,4
3110,91,6921,2
3111,91,6992,1
3112,91,3402,2
3113,91,7681,2
3114,91,9492,3
3115,91,5424,4
3116,91,7143,1
3117,91,7484,3
3118,92,9254,1
3119,92,1034,2
3120,92,7089,2
3121,92,3372,2
3122,92,8512,2
3123,92,507,2
3124,92,9184,1
3125,92,6610,1
3126,92,3065,1
3127,92,7340,1
3128,92,8526,4
3129,92,4803,1
3130,92,7766,1
3131,92,952,2
3132,92,9020,4
3133,92,4528,1
3134,92,123,1
3135,92,9765,4
3136,92,7714,4
3137,92,104,1
3138,92,4096,3
3139,92,6668,2
3140,92,6875,1
3141,92,6931,1
3142,92,2940,4
3143,92,4450,4
3144,92,373,1
3145,92,4875,1
3146,92,1557,1
3147,92,3225,1
3148,92,7214,2
3149,92,6736,4
3150,92,2942,1
3151,92,7137,3
3152,93,8394,1
3153,93,7101,2
3154,93,9547,1
3155,93,5062,3
3156,93,6955,2
3157,93,1204,2
3158,93,6978,1
3159,93,3559,1
3160,93,8814,4
3161,93,3321,4
3162,93,119,1
3163,93,7415,2
3164,93,5028,3
3165,93,8213,2
3166,93,4919,3
3167,93,5424,3
3168,93,2803,3
3169,93,7155,4
3170,93,9102,3
3171,93,3983,4
3172,93,4129,1
3173,93,9514,3
3174,93,8187,4
3175,93,9024,4
3176,94,7427,3
3177,94,7000,3
3178,94,10619,2
3179,94,4788,2
3180,94,7807,4
3181,94,9395,2
3182,94,4803,3
3183,94,2925,1
3184,94,9409,1
3185,94,7185,3
3186,94,8371,4
3187,94,2985,4
3188,94,8832,1
3189,94,6891,2
3190,94,8060,4
3191,94,3017,3
3192,94,1581,4
3193,94,7549,2
3194,94,916,3
3195,94,3430,2
3196,94,7493,4
3197,94,10786,3
3198,94,4301,3
3199,94,642,1
3200,94,10054,1
3201,94,480,1
3202,94,7181,1
3203,94,7929,1
3204,94,8383,1
3205,94,2561,1
3206,94,8076,2
3207,94,7623,2
3208,94,2731,2
3209,94,10082,2
3210,94,9982,4
3211,94,4352,1
3212,94,122,4
3213,94,744,4
3214,94,6564,4
3215,94,1861,2
3216,95,8269,4
3217,95,561,1
3218,95,7903,2
3219,95,7589,3
3220,95,8565,4
3221,95,3229,2
3222,95,8076,2
3223,95,5234,1
3224,95,5410,3
3225,95,6597,2
3226,95,6966,3
3227,95,4312,1
3228,95,10446,1
3229,95,10851,3
3230,95,7269,4
3231,95,7667,1
3232,95,5400,2
3233,95,4380,1
3234,95,3221,3
3235,95,801,1
3236,95,8279,4
3237,95,392,2
3238,95,5211,3
3239,95,9401,1
3240,95,6454,2
3241,95,3937,2
3242,95,9556,1
3243,95,5297,3
3244,95,7880,4
3245,95,8003,2
3246,95,9409,3
3247,95,8088,4
3248,95,8903,3
3249,95,10686,2
3250,95,10236,3
3251,95,10741,3
3252,96,9518,3
3253,96,10203,2
3254,96,7148,1
3255,96,7062,2
3256,96,626,2
3257,96,10511,3
3258,96,8694,4
3259,96,10330,3
3260,96,4573,3
3261,96,10032,3
3262,96,9948,1
3263,96,3483,2
3264,96,9032,3
3265,96,6932,4
3266,96,8807,3
3267,96,5063,4
3268,96,6922,2
3269,96,7235,3
3270,96,5018,2
3271,96,8731,4
3272,96,3292,3
3273,96,2748,4
3274,96,2985,4
3275,96,7790,3
3276,96,2566,3
3277,96,9219,4
3278,96,10219,1
3279,96,4192,4
3280,96,2667,4
3281,96,6624,2
3282,96,7427,4
3283,96,4978,4
3284,96,10892,1
3285,96,8596,3
3286,96,7756,3
3287,96,1541,2
3288,96,9503,4
3289,96,6449,1
3290,96,10367,1
3291,96,4840,4
3292,96,9210,4
3293,96,10283,1
3294,96,3141,1
3295,97,7526,4
3296,97,10773,3
3297,97,2561,2
3298,97,10685,3
3299,97,136,4
3300,97,6773,4
3301,97,6742,3
3302,97,6683,3
3303,97,3431,3
3304,97,92,1
3305,97,3759,4
3306,97,8216,1
3307,97,8732,1
3308,97,2757,1
3309,97,6499,4
3310,97,2211,3
3311,97,1505,3
3312,97,7308,1
3313,97,8651,1
3314,97,452,1
3315,97,7747,3
3316,97,327,3
3317,97,1356,1
3318,97,4177,2
3319,97,3054,1
3320,97,7532,3
3321,97,8538,1
3322,97,8839,3
3323,97,6975,4
3324,97,3155,4
3325,98,9271,3
3326,98,4279,4
3327,98,5057,1
3328,98,5134,4
3329,98,494,1
3330,98,9191,4
3331,98,8452,2
3332,98,2919,3
3333,98,404,4
3334,98,6631,1
3335,98,1267,3
3336,98,10097,3
3337,98,3879,1
3338,98,3989,1
3339,98,4939,1
3340,98,7790,1
3341,98,10508,1
3342,98,8337,1
3343,98,7451,4
3344,98,1565,2
3345,98,3749,2
3346,98,3416,4
3347,98,6856,3
3348,98,9503,2
3349,98,8483,2
3350,99,518,2
3351,99,3020,4
3352,99,9333,2
3353,99,6874,4
3354,99,10265,1
3355,99,8306,2
3356,99,2897,3
3357,99,8370,1
3358,99,376,1
3359,99,10530,2
3360,99,6599,2
3361,99,7223,1
3362,99,6728,3
3363,99,7549,1
3364,99,5288,3
3365,99,3369,4
3366,99,1593,3
3367,99,4400,1
3368,99,4769,3
3369,99,2795,1
3370,99,7968,1
3371,99,1420,1
3372,99,6549,1
3373,99,92,4
3374,99,8897,3
3375,99,1136,4
3376,99,744,1
3377,99,9158,2
3378,99,8418,3
3379,99,9849,4
3380,99,8413,2
3381,99,6650,4
3382,99,10393,1
3383,100,3140,2
3384,100,6444,2
3385,100,552,1
3386,100,1100,2
3387,100,3687,3
3388,100,4023,2
3389,100,6521,3
3390,100,3944,1
3391,100,4796,2
3392,100,6893,1
3393,100,8035,1
3394,100,9015,3
3395,100,8866,3
3396,100,4924,1
3397,100,3830,4
3398,100,9228,4
3399,100,10905,2
3400,100,7995,4
3401,100,10215,2
3402,100,5084,4
3403,100,10263,4
3404,100,10482,3
3405,100,7120,2
3406,100,7226,2
3407,100,9694,3
3408,100,2047,2
3409,100,4561,2
3410,100,7896,3
3411,100,6616,2
3412,100,2873,1
3413,100,8162,3
3414,100,3159,4
3415,100,2773,1
3416,100,5466,1
3417,100,3530,2
3418,100,8626,4
3419,100,8385,1
3420,100,9538,2
3421,100,3701,1
3422,100,8234,1
3423,100,5102,4
3424,100,8573,4
3425,100,8716,3
3426,100,6566,4
3427,3,39,3
